{
  "label": "Custom_3_1_1_2",
  "matrix": [
    [
      3,
      1
    ],
    [
      1,
      2
    ]
  ],
  "error_classical": 2.109201350471168e-15,
  "error_quantum": 6.177832538386376e-15
}